id;name;name_chinese;type;amount_min;amount_max;currency;description;eligibility;deadline;coverage;duration_years;university_id;program_ids;created_at;updated_at;required_documents;notes;is_generic;category;application_process;application_url;slug;degree_levels
fe01b83c-0806-408f-b937-92851382f487;Chinese Government Scholarship (CSC);中国政府奖学金;Full;30000.00;99900.00;CNY;The Chinese Government Scholarship is a comprehensive scholarship program established by the Ministry of Education of China to support international students pursuing higher education in China.;Open to all international students. Bachelor applicants must have high school diploma with good academic records. Master applicants must have bachelor degree. PhD applicants must have master degree. Age limits: Under 25 for bachelor, under 35 for master, under 40 for PhD. Good health and valid passport required.;2026-04-15;Full tuition waiver, free on-campus accommodation, comprehensive medical insurance, monthly stipend (Bachelor: ¥2, 500/month, Master: ¥3, 000/month, PhD: ¥3, 500/month);4;;;2025-10-04 13:51:56.680309+00;2025-10-17 16:29:37.150504+00;"[""Valid passport"",""Notarized highest diploma"",""Academic transcripts"",""Study plan (800+ words)"",""Two recommendation letters"",""Language proficiency certificate (Chinese or English)"",""Physical examination form"",""No criminal record certificate""]";;true;CSC;"1. Check eligibility requirements on CSC website
2. Select your preferred Chinese university
3. Apply to the university for pre-admission
4. Prepare required documents
5. Submit online application via CSC portal
6. Wait for university nomination
7. Receive scholarship decision (usually by July)";;chinese-government-scholarship-csc-fe01b83c;"[""Bachelor"",""Master"",""PhD""]"
2b644f8e-3aa5-44a5-adae-a82a784d0fe2;Provincial Government Scholarships;省政府奖学金;Partial;10000.00;50000.00;CNY;Provincial Government Scholarships are offered by various Chinese provincial governments to attract international students to study in their regions. Coverage and benefits vary by province.;Requirements vary by province. Generally open to all degree levels with good academic records. Some provinces may prioritize students from Belt and Road countries or sister cities.;2026-03-19;Varies by province. Typically includes partial to full tuition waiver, and may include accommodation subsidies or monthly stipend.;4;;;2025-10-04 13:51:56.680309+00;2025-10-17 16:29:37.150504+00;"[""Valid passport"",""Academic transcripts"",""Diploma certificates"",""Recommendation letters"",""Study plan"",""Language certificate""]";;true;Provincial;"1. Research which provinces offer scholarships
2. Check specific provincial requirements
3. Apply to universities in target province
4. Submit scholarship application as per provincial guidelines
5. University nominates qualified students
6. Provincial education department reviews and approves";;provincial-government-scholarships-2b644f8e;"[""Bachelor"",""Master"",""PhD""]"
bac2d57f-fe5e-46e7-8c5b-19abd1cc04c4;University Scholarships;;Partial;;;CNY;Up to full tuition free for 1st year;;;Full Tuition;4;72724a4b-3cd4-4853-8ab3-0769ee6b199e;;2025-10-06 14:09:12.458273+00;2025-10-17 16:29:37.150504+00;"[""Academic Transcript"",""Financial Guarantee"",""Non-Criminal Record"",""CV/Resume"",""Passport Copy"",""Personal Statement"",""Medical Certificate"",""Study Plan"",""Photos""]";;false;;;;;"[""Bachelor"",""Master"",""PhD""]"
7dd65032-7f6b-42d1-a805-61b183c5f63f;University Scholarship;;Partial;;;CNY;Tuition Fees + Accommodation Fees : 10000CNY/Year;;;Partial Tuition;4;b24f07fc-1839-4439-aec5-286b9b17302b;;2025-10-06 13:50:58.181627+00;2025-10-19 14:20:55.804862+00;"[""Passport Copy"",""Personal Statement"",""Medical Certificate"",""Study Plan"",""Photos"",""CV/Resume"",""Non-Criminal Record"",""Financial Guarantee"",""Academic Transcript""]";"Note: 
1.Students shall take online exam arranged by the school first, only those who can pass the exam will be admitted.

2.Before starting major University will take an English Proficiency Test Exam and need to pass in this exam . If some one can’t pass the exam then need to study 1 year Chinese and 4 years majors (in Chinese Taught program.During Chinese Language Course student need to pay Tuition Fees and Accommodation fees which is 10600CNY/Year)";false;;;;;"[""Bachelor""]"
945fa7de-071f-4a77-91b1-9344f6a1bc03;Silk Road Scholarship;丝绸之路奖学金;Full;25000.00;80000.00;CNY;The Silk Road Scholarship is established to support students from Belt and Road Initiative countries to study in China, promoting educational and cultural exchanges.;Priority given to students from Belt and Road countries. Open to all academic levels. Applicants must meet university admission requirements and demonstrate academic excellence.;2026-03-12;Full or partial tuition waiver, accommodation subsidy, monthly living allowance. Coverage varies by university and program.;4;;;2025-10-04 13:51:56.680309+00;2025-10-17 16:29:37.150504+00;"[""Passport copy"",""Academic certificates"",""Transcripts"",""Study plan"",""Recommendation letters"",""Language proficiency proof"",""Physical examination form""]";;true;Silk Road;"1. Verify your country is part of Belt and Road Initiative
2. Select participating Chinese universities
3. Apply for university admission
4. Submit scholarship application to university
5. University reviews applications
6. Scholarship committee evaluates candidates
7. Results announced (usually 2-3 months after deadline)";;silk-road-scholarship-945fa7de;"[""Bachelor"",""Master"",""PhD""]"
ef0e55d1-aeef-459c-8b4b-eda285f05992;University Scholarships;大学奖学金;Partial;5000.00;50000.00;CNY;Individual Chinese universities offer their own scholarships to attract outstanding international students. These scholarships vary significantly by institution and are typically merit-based.;Requirements vary by university. Generally based on academic merit, standardized test scores, and sometimes financial need. All degree levels eligible. Check individual university requirements.;2026-04-17;Typically 30% to 100% tuition waiver. Some universities also provide accommodation subsidies or monthly stipends for exceptional students.;4;;;2025-10-04 13:51:56.680309+00;2025-10-17 16:29:37.150504+00;"[""Application form"",""Academic transcripts"",""Diplomas"",""Recommendation letters"",""Personal statement"",""Language test scores"",""Portfolio or achievements (if applicable)""]";;true;University;"1. Research universities and their scholarship offerings
2. Check specific scholarship requirements on university website
3. Apply for admission to the university
4. Submit scholarship application (often included in admission application)
5. University admission office reviews applications
6. Scholarship decisions announced with admission results";;university-scholarships-ef0e55d1;"[""Bachelor"",""Master"",""PhD""]"
e52a502b-e93a-4489-af15-51e017ba99ec;Belt & Road Scholarships;;Full;;;CNY;Tuition Free, Accommodation Free, Insurance Free;GPA 75%;;Full Tuition, Accommodation, Health Insurance;4;72eab548-a265-4bda-9f55-089c8d16084e;;2025-10-05 19:21:31.68253+00;2025-10-17 16:29:37.150504+00;[];;false;;;;;"[""Bachelor"",""Master"",""PhD""]"
193cbb15-5c51-467a-adc8-75564f882f03;University Scholarship;;Partial;0.00;;CNY;"Please Note: 
1. According to the normal rules and regulation of Nanjing Tech University , students shall pay the Tuition and Accommodation fees to the University after that University shall pay 2000CNY/Month(10 month each year) to the student.
However,if student has any financial problem to pay the tuition fees ,they can write a commitment letter and allow University to deduct the tuition fees(16000CNY/Year) from 20000CNY Scholarship amount and pay 400CNY/Month as stipend to student.
2.Student shall pay 2000CNY after pre admission/conditional letter to the University as the accommodation fees (four bed room) and after that University will issue admission letter and Jw202";Need to Have 75% Score on High School Transcript;;Full Tuition, Living Stipend;4;6e1aff75-243f-4bcf-a3b8-814dd01c884f;;2025-10-06 13:41:08.47725+00;2025-10-17 16:29:37.150504+00;"[""Passport Copy"",""Academic Transcript"",""Study Plan"",""Medical Certificate"",""Financial Guarantee"",""Non-Criminal Record"",""CV/Resume"",""Photos""]";;false;;;;;"[""Bachelor"",""Master"",""PhD""]"
2094a929-a4db-44d2-86d2-9b63b3241485;University Scholarship;;Partial;;;CNY;"50% Tuition Fees Waiver
";;;Partial Tuition;4;e960c797-447a-4d16-8bee-c6b271431c3b;;2025-10-06 13:44:35.243178+00;2025-10-17 16:29:37.150504+00;"[""Academic Transcript"",""Photos"",""Study Plan"",""Medical Certificate"",""Personal Statement"",""Passport Copy"",""Financial Guarantee"",""Non-Criminal Record"",""CV/Resume""]";"Important Note:
1. After issuing the pre-admission letter, applicants must pay 2000CNY in advance, otherwise the school won’t proceed next step.
2.Abide by Chinese laws, and rules and regulations of Nantong University. No behaviors in violation of laws and disciplines. 
3.Attendance rate should not be less than 95%. 
4.Pass all examinations for each subject.
5.Only those who meet the above requirements and abide by the school regulations will continue the scholarship from the second academic year. 
6.What class of scholarship you will get is decided by the school according to your comprehensive performance.
7.Bachelor students need to rent house outside the campus.";false;;;;;"[""Bachelor"",""Master"",""PhD""]"
059c36f0-6aac-4255-a6d6-9f3097c897dc;University Scholarship;;Full;;;CNY;"Type A: Full Tuition Fees Free for 4 Years
Type B: Half Tuition Fees for 4 Years 
Type C: Half Tuition Fees for 2 Years
Type D:Guangdong Provincial Government Scholarship 10,000RMB/Year";;;Full Tuition, Partial Tuition, Accommodation, Living Stipend;4;d189c366-e7ab-449d-8431-388b0de1b87d;;2025-10-06 13:48:19.449935+00;2025-10-17 16:29:37.150504+00;"[""Photos"",""Study Plan"",""Medical Certificate"",""Personal Statement"",""Passport Copy"",""CV/Resume"",""Non-Criminal Record"",""Financial Guarantee"",""Academic Transcript""]";;false;;;;;"[""Bachelor"",""Master"",""PhD""]"
23e9551f-ce2d-4520-91ee-e04ecd509fa6;University Scholarship;;Tuition Waiver;;;CNY;Free tuition fees in the 1st year.;;;Full Tuition;1;d8c5901a-9074-47c0-b30d-486b68d0bfe6;;2025-10-06 13:53:08.541216+00;2025-10-17 16:29:37.150504+00;"[""Passport Copy"",""Personal Statement"",""Medical Certificate"",""Study Plan"",""Photos"",""CV/Resume"",""Non-Criminal Record"",""Financial Guarantee"",""Academic Transcript""]";"Note:
15.Age: 18-25
16.Students should pass the annual review to get scholarship from the 2nd year.
17.Interview required
18.Due to the large number of applicants, this program is currently not open to students from Israel, Palestine, Syria, Lebanon, Iraq, Yemen, Afghanistan, and India.";false;;;;;"[""Bachelor"",""Master"",""PhD""]"
f05eb5e7-3978-4707-b908-f65ca94dff65;University Scholarship;;Partial;;;CNY;50% tuition fees free and stipend 1500CNY/Month(10 months);;;Partial Tuition, Living Stipend;4;54a7ad8d-a515-4ede-b1b0-009858e4404b;;2025-10-06 13:57:36.148332+00;2025-10-17 16:29:37.150504+00;"[""CV/Resume"",""Non-Criminal Record"",""Financial Guarantee"",""Academic Transcript"",""Photos"",""Study Plan"",""Medical Certificate"",""Passport Copy"",""Personal Statement""]";"1.Age:  under the age of 25
2.IELTS≥6.0, TOEFL≥80,Duolingo≥100 or English medium of instruction certificate
3.The “'stipend” is provided for the first year only.
4. The students of degree program should go through Annual Review, The annual review involves a comprehensive evaluation of students’ moral conduct, academic performance, learning or research attitudes, and participation in activities. Students who pass the review will continue to be eligible for tuition support, while those who fail will not receive it for the next academic year.";false;;;;;"[""Bachelor"",""Master"",""PhD""]"
6803f778-884c-44de-bd1e-4dcb26341675;CSC Type B;;Full;;;CNY;;;;Full Tuition, Accommodation, Living Stipend;2;2a504332-a39b-46e3-b340-1d8f4420ad2d;;2025-10-06 14:01:44.0756+00;2025-10-17 16:29:37.150504+00;"[""Photos"",""Medical Certificate"",""Study Plan"",""IELTS/TOEFL Certificate"",""Personal Statement"",""Passport Copy"",""Academic Transcript"",""Recommendation Letters"",""HSK Certificate"",""Financial Guarantee"",""Non-Criminal Record"",""CV/Resume""]";;false;;;;;"[""Bachelor"",""Master"",""PhD""]"
f077a243-74cc-4e9a-8c1d-8f34422a9fc8;Type A;;Full;;;CNY;"Full Tuition fees free
Full Accommodation fees free
Insurance fees free
Monthly stipend: 2000CNY($285)/Month";;;Full Tuition, Accommodation, Living Stipend;2;2a504332-a39b-46e3-b340-1d8f4420ad2d;;2025-10-06 14:02:27.453404+00;2025-10-17 16:29:37.150504+00;"[""Photos"",""Study Plan"",""Medical Certificate"",""IELTS/TOEFL Certificate"",""Personal Statement"",""Passport Copy"",""Academic Transcript"",""Recommendation Letters"",""Financial Guarantee"",""Non-Criminal Record"",""CV/Resume""]";;false;;;;;"[""Bachelor"",""Master"",""PhD""]"
4d1aa9ff-d622-44e8-ba7a-eff946673d8c;Type B;;Partial;;;CNY;"Full Tuition fees free
Insurance fees free
Monthly stipend: 1000CNY ($140)/Month";;;Full Tuition, Living Stipend;2;2a504332-a39b-46e3-b340-1d8f4420ad2d;;2025-10-06 14:03:11.266896+00;2025-10-17 16:29:37.150504+00;"[""Passport Copy"",""Personal Statement"",""Medical Certificate"",""Study Plan"",""Photos"",""CV/Resume"",""Non-Criminal Record"",""Financial Guarantee"",""Recommendation Letters"",""Academic Transcript""]";;false;;;;;"[""Bachelor"",""Master"",""PhD""]"
0b621cc2-21aa-4f04-9481-5a5cd2bddf7a;MOFCOM Scholarship;商务部奖学金;Full;40000.00;60000.00;CNY;The Ministry of Commerce (MOFCOM) Scholarship is designed for students from developing countries to pursue postgraduate studies in China, focusing on economic and commercial fields.;Open to students from developing countries. Applicants must have bachelor degree for master programs or master degree for PhD programs. Age limit: under 45. Must have two years of work experience after graduation. Good health and valid passport required.;2026-04-09;Full tuition waiver, free accommodation, comprehensive medical insurance, monthly stipend, one-time settling allowance;3;;;2025-10-04 13:51:56.680309+00;2025-10-17 16:29:37.150504+00;"[""Application form"",""Valid passport copy"",""Notarized diplomas"",""Academic transcripts"",""Work experience certificate"",""Two recommendation letters"",""Research proposal"",""Physical examination record"",""Language proficiency certificate""]";;true;MOFCOM;"1. Check if your country is eligible
2. Contact Chinese Embassy in your country
3. Obtain application materials from Embassy
4. Prepare all required documents
5. Submit application to Chinese Embassy
6. Embassy nominates candidates to MOFCOM
7. MOFCOM reviews and announces results
8. Receive admission notice from designated university";;mofcom-scholarship-0b621cc2;"[""Bachelor"",""Master"",""PhD""]"
4429685a-5b5d-48b1-b724-8344392cd19b;Silk Road Scholarship;丝绸之路奖学金;Full;25000.00;80000.00;CNY;The Silk Road Scholarship is established to support students from Belt and Road Initiative countries to study in China, promoting educational and cultural exchanges.;Priority given to students from Belt and Road countries. Open to all academic levels. Applicants must meet university admission requirements and demonstrate academic excellence.;2026-04-17;Full or partial tuition waiver, accommodation subsidy, monthly living allowance. Coverage varies by university and program.;4;;;2025-10-06 14:15:55.301467+00;2025-10-17 16:29:37.150504+00;"[""Passport copy"",""Academic certificates"",""Transcripts"",""Study plan"",""Recommendation letters"",""Language proficiency proof"",""Physical examination form""]";;true;Silk Road;"1. Verify your country is part of Belt and Road Initiative
2. Select participating Chinese universities
3. Apply for university admission
4. Submit scholarship application to university
5. University reviews applications
6. Scholarship committee evaluates candidates
7. Results announced (usually 2-3 months after deadline)";;;"[""Bachelor"",""Master"",""PhD""]"
0250dcab-b051-4fdd-b4b0-13c8b4e94ddc;50% Tuition fees free;;Partial;;;CNY;;;;Partial Tuition;;35f4926c-96cd-463f-95cc-012a2c57e76b;;2025-10-11 19:43:37.342337+00;2025-10-17 16:29:37.150504+00;"[""Photos"",""Study Plan"",""Medical Certificate"",""Personal Statement"",""Passport Copy"",""CV/Resume"",""Non-Criminal Record"",""Financial Guarantee"",""Academic Transcript""]";"Condition from 2nd Year : Top 40% will enjoy the 1st class scholarship, 41%-85% will enjoy the 2nd class scholarship, last 15% will become self-sponsored. pass all the subjects, no violation of rules and regulations, attend the classes regularly, etc.
but it might have some slight changes in the future. ";false;;;;;"[""Bachelor"",""Master"",""PhD""]"
7560d0be-c568-4f35-a43b-5f42c94a3e7c; Full Tuition Fees Free;;Tuition Waiver;;;CNY;;;;Full Tuition;;35f4926c-96cd-463f-95cc-012a2c57e76b;;2025-10-11 19:42:49.933595+00;2025-10-17 16:29:37.150504+00;"[""Photos"",""Study Plan"",""Medical Certificate"",""Personal Statement"",""Passport Copy"",""CV/Resume"",""Non-Criminal Record"",""Financial Guarantee"",""Academic Transcript""]";"Condition from 2nd Year : Top 40% will enjoy the 1st class scholarship, 41%-85% will enjoy the 2nd class scholarship, last 15% will become self-sponsored. pass all the subjects, no violation of rules and regulations, attend the classes regularly, etc.
but it might have some slight changes in the future. ";false;;;;;"[""Bachelor"",""Master"",""PhD""]"
838e0533-7b24-4279-8c82-2631d8cebb19;First Class;;Tuition Waiver;;;CNY;;;;Full Tuition;;895f0c22-12dd-4f4b-abc1-afae0a92770d;;2025-10-11 19:50:40.86827+00;2025-10-17 16:29:37.150504+00;"[""Academic Transcript"",""Financial Guarantee"",""Non-Criminal Record"",""CV/Resume"",""Photos"",""Study Plan"",""Personal Statement"",""Passport Copy"",""Medical Certificate""]";"1.Applicants who have been pre-admitted to undergraduate courses taught in English must pay accommodation fees of 1500 yuan and an application fee of 800 yuan in advance within the time prescribed by the university.
2.For admitted freshmen students may get First Class NJPUT International Students Scholarship.
3.From the second academic year, students will have annual review the to evaluate which type of scholarship you will get, the ratio of scholarship is: 50% students will get the First-class NJPUT International Students Scholarship, 30% will get the Second-class NJPUT International Students Scholarship, 20% will get the Third-class NJPUT International Students Scholarship.";false;;;;;"[""Bachelor"",""Master"",""PhD""]"
07256f77-de60-4b31-8933-5cc4ea8ee67e;Second Class;;Partial;;;CNY;12000CNY/Year waiver;;;Partial Tuition;;895f0c22-12dd-4f4b-abc1-afae0a92770d;;2025-10-11 19:51:31.41582+00;2025-10-17 16:29:37.150504+00;"[""Photos"",""Study Plan"",""Medical Certificate"",""Personal Statement"",""Passport Copy"",""CV/Resume"",""Non-Criminal Record"",""Financial Guarantee"",""Academic Transcript""]";"1.Applicants who have been pre-admitted to undergraduate courses taught in English must pay accommodation fees of 1500 yuan and an application fee of 800 yuan in advance within the time prescribed by the university.
2.For admitted freshmen students may get First Class NJPUT International Students Scholarship.
3.From the second academic year, students will have annual review the to evaluate which type of scholarship you will get, the ratio of scholarship is: 50% students will get the First-class NJPUT International Students Scholarship, 30% will get the Second-class NJPUT International Students Scholarship, 20% will get the Third-class NJPUT International Students Scholarship.";false;;;;;"[""Bachelor"",""Master"",""PhD""]"
b3a87245-71f8-4349-9277-9fe3f8ed4220;University Scholarship;;Full;;;CNY;;;;Full Tuition, Living Stipend;;120c5661-94c0-4bb4-9b29-324405652e25;;2025-10-19 14:27:40.258376+00;2025-10-19 14:27:40.258376+00;"[""Photos"",""Study Plan"",""Medical Certificate"",""Personal Statement"",""Passport Copy"",""CV/Resume"",""Non-Criminal Record"",""Recommendation Letters"",""Academic Transcript"",""Financial Guarantee""]";;false;;;;;"[""Master""]"
7c8600db-a11f-41d3-abba-78003bab9601;Freshmen Scholarship;;Tuition Waiver;;;CNY;Tuition Fees Free (for the 1st Year);;;Full Tuition;;d5d4ad37-8452-4be4-8eb7-e1b2e11c3ec5;;2025-10-19 14:33:19.385961+00;2025-10-19 14:33:19.385961+00;"[""Photos"",""Study Plan"",""Medical Certificate"",""Personal Statement"",""Passport Copy"",""CV/Resume"",""Non-Criminal Record"",""Recommendation Letters"",""Academic Transcript"",""Financial Guarantee""]";It’s 4 years Scholarship, but to continue your scholarship, it’s required to complete all credits for every year, and no violations or discipline. Scholarship of those who can’t meet requirement will be canceled.;false;;;;;"[""Master""]"
b86e335b-1b07-48bb-9ed8-157aff071d7e;Chinese Government Scholarship (CGS);;Full;;;CNY;The Full CGS usually covers tuition, stipend, on-campus accommodation (or accommodation subsidy), and medical insurance. Annual Review is strictly required for all CGS holders.;;;Full Tuition, Accommodation, Living Stipend, Health Insurance;;f86e3a11-5dca-42a4-b0d6-54653e5f508b;;2025-10-21 06:58:01.232057+00;2025-10-21 06:58:01.232057+00;"[""Academic Transcript"",""Recommendation Letters"",""Financial Guarantee"",""Non-Criminal Record"",""CV/Resume"",""Photos"",""Study Plan"",""Medical Certificate"",""Personal Statement"",""Passport Copy""]";;false;;;;;"[""Master"",""PhD""]"
82f8788e-4231-4a31-b3fa-43cc9caa51de;Third Class;;Partial;;;CNY;7500CNY/Year Waiver;;;Partial Tuition;;895f0c22-12dd-4f4b-abc1-afae0a92770d;;2025-10-11 19:52:32.793163+00;2025-10-17 16:29:37.150504+00;"[""Photos"",""Medical Certificate"",""Study Plan"",""Personal Statement"",""Passport Copy"",""CV/Resume"",""Non-Criminal Record"",""Financial Guarantee"",""Academic Transcript""]";"1.Applicants who have been pre-admitted to undergraduate courses taught in English must pay accommodation fees of 1500 yuan and an application fee of 800 yuan in advance within the time prescribed by the university.
2.For admitted freshmen students may get First Class NJPUT International Students Scholarship.
3.From the second academic year, students will have annual review the to evaluate which type of scholarship you will get, the ratio of scholarship is: 50% students will get the First-class NJPUT International Students Scholarship, 30% will get the Second-class NJPUT International Students Scholarship, 20% will get the Third-class NJPUT International Students Scholarship.";false;;;;;"[""Bachelor"",""Master"",""PhD""]"
203ae3ea-f7d4-44b1-8b75-f4a369897914;Type A;;Full;;;CNY;;;;Full Tuition, Accommodation, Living Stipend;;a58f32da-cbe9-4eb5-80fb-29fcb9098af6;;2025-10-14 09:46:27.068551+00;2025-10-17 16:29:37.150504+00;"[""CV/Resume"",""Non-Criminal Record"",""Financial Guarantee"",""Recommendation Letters"",""Academic Transcript"",""Passport Copy"",""Personal Statement"",""Medical Certificate"",""Study Plan"",""Photos""]";;false;;;;;"[""Bachelor"",""Master"",""PhD""]"
ff00c2a3-b690-42d5-94f5-ecd1680c4da3;Type B;;Full;;;CNY;;;;Full Tuition, Accommodation;;a58f32da-cbe9-4eb5-80fb-29fcb9098af6;;2025-10-14 09:47:07.199874+00;2025-10-17 16:29:37.150504+00;"[""Academic Transcript"",""Recommendation Letters"",""Non-Criminal Record"",""CV/Resume"",""Study Plan"",""Photos"",""Personal Statement"",""Passport Copy"",""Medical Certificate""]";;false;;;;;"[""Bachelor"",""Master"",""PhD""]"
04d8e132-8443-4498-a91b-8001472d2a9b;Multiple Scholarship;;Full;;;CNY;"1.Outstanding Talents Scholarship of Beihang University(4 years, Annual scholarship review): 
Free Tuition, Free Accommodation and 2500 CNY Monthly Stipend
2.Self-Supported Foreign Students Scholarship for Freshmen( Only for the first year)

Type A: Full Tuition Fees Free
Type B: 80% Tuition Fees Free
Type C: 50% Tuition Fees Free
Type D: 20% Tuition Fees Free
Can only receive one of the above scholarship";;;Full Tuition, Accommodation, Living Stipend;4;26862d8c-0d6e-41ac-96e8-cd16677125fa;;2025-10-06 14:13:14.641252+00;2025-10-17 17:05:37.242517+00;"[""Photos"",""Study Plan"",""Passport Copy"",""Personal Statement"",""CV/Resume"",""Non-Criminal Record"",""Financial Guarantee"",""Academic Transcript""]";"Age: 18–22 years
Open to students from all countries, including China
Applicants must comply with all rules and regulations of Beihang University and the laws of China
Annual scholarship review is required for the Outstanding Talents Scholarship";false;;;;;"[""Bachelor""]"
178db259-5c14-4e33-bba9-b1c4ad8d8451;Zhejiang Provincial Government Scholarship;;Full;;;CNY;For graduate students 30000/year;;;;;32474da3-7abb-469c-9c96-673647f1975f;;2025-10-19 14:10:40.375939+00;2025-10-19 14:10:40.375939+00;"[""Photos"",""Study Plan"",""Medical Certificate"",""Personal Statement"",""Passport Copy"",""CV/Resume"",""Non-Criminal Record"",""Financial Guarantee"",""Recommendation Letters"",""Academic Transcript""]";"1. Age: 18-30，For the applicants under 18, please submit the Certificate of Guardianship.
2. Do not accept GED certificates";false;;;;;"[""Master""]"
2b657bce-a408-4002-9c25-a06b87c6e71d;Type B;;Tuition Waiver;;;CNY;Full tuition fees free for 1st Year;;;Full Tuition;;569bc5a7-081e-4fed-a20e-502c5525e194;;2025-10-19 14:13:08.490024+00;2025-10-19 14:13:08.490024+00;"[""Academic Transcript"",""Recommendation Letters"",""Financial Guarantee"",""Non-Criminal Record"",""CV/Resume"",""Study Plan"",""Medical Certificate"",""Photos"",""Personal Statement"",""Passport Copy""]";For Type B,C and D Scholarship students ,University will provide scholarships from 2-4 year according to  rules and regulations of ZJUT and performance of students.;false;;;;;[]
b1e544c7-9d5a-47e5-ae5c-bcf6fad17c64;Type A;;Tuition Waiver;;;CNY;Full tuition fees free for 4 year;;;Full Tuition;;569bc5a7-081e-4fed-a20e-502c5525e194;;2025-10-19 14:12:25.437799+00;2025-10-19 14:13:22.40947+00;"[""Photos"",""Study Plan"",""Personal Statement"",""Passport Copy"",""Medical Certificate"",""CV/Resume"",""Non-Criminal Record"",""Financial Guarantee"",""Recommendation Letters"",""Academic Transcript""]";For Type B,C and D Scholarship students ,University will provide scholarships from 2-4 year according to  rules and regulations of ZJUT and performance of students.;false;;;;;"[""Master""]"
752d4010-f61b-465c-9c24-cffaf3c9b00b;Type C;;Tuition Waiver;;;CNY;50% tuition fees free for 1st Year;;;Partial Tuition;;569bc5a7-081e-4fed-a20e-502c5525e194;;2025-10-19 14:13:54.815744+00;2025-10-19 14:13:54.815744+00;"[""Photos"",""Study Plan"",""Medical Certificate"",""Personal Statement"",""Passport Copy"",""CV/Resume"",""Non-Criminal Record"",""Financial Guarantee"",""Recommendation Letters"",""Academic Transcript""]";For Type B,C and D Scholarship students ,University will provide scholarships from 2-4 year according to  rules and regulations of ZJUT and performance of students.;false;;;;;"[""Master""]"
01eea108-4404-4081-893f-160171a8b321;Type D;;Partial;;;CNY;Waiver 3500CNY of 1st Year tuition fees;;;Partial Tuition;;569bc5a7-081e-4fed-a20e-502c5525e194;;2025-10-19 14:14:34.674258+00;2025-10-19 14:14:34.674258+00;"[""Photos"",""Study Plan"",""Medical Certificate"",""Personal Statement"",""Passport Copy"",""CV/Resume"",""Non-Criminal Record"",""Financial Guarantee"",""Recommendation Letters"",""Academic Transcript""]";For Type B,C and D Scholarship students ,University will provide scholarships from 2-4 year according to  rules and regulations of ZJUT and performance of students.;false;;;;;"[""Master""]"
7752389d-5460-4188-aa6a-a1c1af412dc0;Type A;;Full;;;CNY;;;;Full Tuition, Accommodation, Living Stipend;;418d199f-463e-4955-ab0c-2a846f661044;;2025-10-19 14:17:22.693718+00;2025-10-19 14:17:22.693718+00;"[""Academic Transcript"",""Recommendation Letters"",""Financial Guarantee"",""Non-Criminal Record"",""CV/Resume"",""Photos"",""Study Plan"",""Medical Certificate"",""Personal Statement"",""Passport Copy""]";School will arrange interview and your scholarship type depends on your comprehensive performance.;false;;;;;"[""Master""]"
adc3ac59-429b-474d-8898-4dbc2f48e856;Type B;;Full;;;CNY;;;;Full Tuition, Accommodation;;418d199f-463e-4955-ab0c-2a846f661044;;2025-10-19 14:17:48.167028+00;2025-10-19 14:17:48.167028+00;"[""Academic Transcript"",""Recommendation Letters"",""Financial Guarantee"",""Non-Criminal Record"",""CV/Resume"",""Study Plan"",""Photos"",""Personal Statement"",""Passport Copy""]";School will arrange interview and your scholarship type depends on your comprehensive performance.;false;;;;;"[""Master""]"
7ebdc6f3-520c-49c6-86c6-03aae2e30c71;University Scholarship;;Full;;;CNY;;;;Full Tuition, Accommodation, Living Stipend;;b24f07fc-1839-4439-aec5-286b9b17302b;;2025-10-19 14:20:00.368086+00;2025-10-19 14:20:00.368086+00;"[""CV/Resume"",""Non-Criminal Record"",""Financial Guarantee"",""Recommendation Letters"",""Academic Transcript"",""Passport Copy"",""Personal Statement"",""Medical Certificate"",""Study Plan"",""Photos""]";;false;;;;;"[""Master""]"
0c76216f-0504-407f-9c5a-79ba1f7d0aad;SIGS Excellence Scholarship;;Full;;;CNY;Applications from full-time international new students admitted to our institute will be ranked and selected based on their previous academic achievements, research outcomes, and overall performance. The specific amount of the scholarship will be tiered and distributed according to the results of the annual selection process.;;;Partial Tuition;;f86e3a11-5dca-42a4-b0d6-54653e5f508b;;2025-10-21 07:00:14.20945+00;2025-10-21 07:00:14.20945+00;"[""Academic Transcript"",""Recommendation Letters"",""Financial Guarantee"",""Non-Criminal Record"",""CV/Resume"",""Photos"",""Study Plan"",""Medical Certificate"",""Personal Statement"",""Passport Copy""]";All students are eligible: 3,810 RMB/month for doctoral students and 600 RMB/month for Master's students.;false;;;;;"[""Master"",""PhD""]"
2481d349-c357-47a5-8af7-bbbbd9db6d7b;Tuition Scholarship;;Partial;;;CNY;Covers full or partial tuition fee with a duration of one academic year. Applicants may apply for Tuition Scholarships annually (competitive).;;;Full Tuition, Partial Tuition;;f86e3a11-5dca-42a4-b0d6-54653e5f508b;;2025-10-21 06:59:21.192813+00;2025-10-21 07:00:26.367368+00;"[""Photos"",""Study Plan"",""Medical Certificate"",""Personal Statement"",""Passport Copy"",""CV/Resume"",""Non-Criminal Record"",""Financial Guarantee"",""Recommendation Letters"",""Academic Transcript""]";All students are eligible: 3,810 RMB/month for doctoral students and 600 RMB/month for Master's students.;false;;;;;"[""Master"",""PhD""]"
7e259cf5-d4fa-4e81-a9d0-57a3f8b83522;First Year Scholarship;;Partial;;;CNY;"Tuition & Hostel Fee: 8,000 RMB per year

Scholarships for Second to Fourth Year
1-10% of Students: 2,000 RMB per year
11-20% of Students: 5,000 RMB per year
21-50% of Students: 6,000 RMB per year
51-100% of Students: 8,000 RMB per year";;;Partial Tuition, Accommodation;;49f85d42-b875-46a8-8d8a-778e71c5a1e0;;2025-10-21 07:08:16.878937+00;2025-10-21 07:08:16.878937+00;"[""Photos"",""Study Plan"",""Medical Certificate"",""Personal Statement"",""Passport Copy"",""CV/Resume"",""Non-Criminal Record"",""Academic Transcript"",""Financial Guarantee""]";;false;;;;;"[""Bachelor""]"
9512e9e7-6f88-4c13-a33e-99be653931c9;Partial Scholarship;;Partial;;;CNY;"Tuition Fee: 80% Free (Remaining 2,000 RMB)
Hostel Fee: 2,000–4,000 RMB

10% of Students: 6,000 RMB (Tuition & Hostel)
11-40% of Students: 7,900 RMB (Tuition & Hostel)
41-100% of Students: 8,900 RMB (Tuition & Hostel)";;;Partial Tuition;;0bbdeada-b08c-49af-9c61-dddd424879bc;;2025-10-21 07:10:39.057123+00;2025-10-21 07:10:39.057123+00;"[""CV/Resume"",""Non-Criminal Record"",""Financial Guarantee"",""Academic Transcript"",""Passport Copy"",""Personal Statement"",""Medical Certificate"",""Study Plan"",""Photos""]";;false;;;;;"[""Bachelor""]"
a6499677-e5e3-4c19-88d9-55a185bf3d90;‌CQJTU Scholarship;;Partial;;;CNY;"75% Free (Remaining 5,000 RMB)
Hostel Fee: 2,500 RMB (2-Bed Room)
Registration Fee: 800 RMB (1st Year Only)
Insurance & Resident Permit: 1,200 RMB/year";;;Partial Tuition;;bb8af618-d950-4d73-9a40-6c6c6f0e79a3;;2025-10-11 20:17:05.577021+00;2025-10-21 07:14:00.797064+00;"[""Photos"",""Study Plan"",""Personal Statement"",""Passport Copy"",""Medical Certificate"",""CV/Resume"",""Non-Criminal Record"",""Financial Guarantee"",""Academic Transcript""]";"6-Month Language Course (March to July)
Tuition & Hostel Fees: 6,000 RMB
Registration Fee: 800 RMB";false;;;;;"[""Bachelor""]"
0e988e97-ccef-496a-a3d3-500ab255ef1a;Type A;;Partial;;;CNY;"Tuition Fees:
5,000 RMB/year (English, International Trade, Business English)
7,000 RMB/year (Computer Science, Mechanical Design, Electrical Engineering)
Dorm Fees: 1,200 RMB/year


";;;Partial Tuition;;07fecf16-13af-4791-bab6-e84b8a59d432;;2025-10-21 12:12:37.198674+00;2025-10-21 12:12:37.198674+00;"[""Academic Transcript"",""Non-Criminal Record"",""CV/Resume"",""Financial Guarantee"",""Photos"",""Study Plan"",""Medical Certificate"",""Personal Statement"",""Passport Copy""]";"Extra Scholarships (Based on Academic Performance)
First Class: 10,000 CNY
Second Class: 5,000 CNY
Third Class: 3,000 CNY";false;;;;;"[""Bachelor""]"
ef5adb6c-c8b2-4511-b064-3de5be50903e;Type B;;Full;;;CNY;"Tuition Fees:
7,000 RMB/year (English, International Trade, Business English)
9,000 RMB/year (Computer Science, Mechanical Design, Electrical Engineering)
Dorm Fees: 1,200 RMB/year";;;Partial Tuition;;07fecf16-13af-4791-bab6-e84b8a59d432;;2025-10-21 12:13:43.682103+00;2025-10-21 12:13:43.682103+00;"[""Photos"",""Study Plan"",""Medical Certificate"",""Personal Statement"",""Passport Copy"",""CV/Resume"",""Non-Criminal Record"",""Financial Guarantee"",""Academic Transcript""]";"Extra Scholarships (Based on Academic Performance)
First Class: 10,000 CNY
Second Class: 5,000 CNY
Third Class: 3,000 CNY";false;;;;;[]
a824f383-be6f-432c-b360-cc2aa3e57453;University Scholarship;;Partial;;;CNY;Tuition + Accommodation = 7,300 CNY;;;Partial Tuition;4;4f1443e7-d6e1-4c3f-85c9-400dc988c850;;2025-11-03 08:07:59.874058+00;2025-11-03 08:07:59.874058+00;"[""Academic Transcript"",""Financial Guarantee"",""Non-Criminal Record"",""CV/Resume"",""Photos"",""Study Plan"",""Medical Certificate"",""Personal Statement"",""Passport Copy""]";;false;;;;;"[""Bachelor""]"
d07c8bea-ed80-4500-8239-0bae0812b50b;University Scholarship;;Full;;;CNY;;;;Full Tuition, Accommodation;;d05796e2-eb77-4c24-8d56-2ba26b7f86a7;;2025-11-07 03:21:53.609904+00;2025-11-07 03:21:53.609904+00;"[""Academic Transcript"",""Financial Guarantee"",""Non-Criminal Record"",""CV/Resume"",""Study Plan"",""Photos"",""Medical Certificate"",""Personal Statement"",""Passport Copy""]";;false;;;;;"[""Bachelor""]"
d283260f-e450-488a-b8ed-52641b17000c;University Scholarship;;Partial;;;CNY;After Scholarship, 3000 RMB/Year;;;Partial Tuition;;f8930a18-1945-4da8-8913-1c0894c412a0;;2025-11-20 07:48:13.981912+00;2025-11-20 07:48:13.981912+00;"[""Academic Transcript"",""Financial Guarantee"",""Non-Criminal Record"",""CV/Resume"",""Photos"",""Study Plan"",""Medical Certificate"",""Personal Statement"",""Passport Copy""]";;false;;;;;"[""Bachelor""]"
25ad8fb5-0def-4d23-899a-a39669178dc0;University Scholarship;;Partial;;;CNY;After Scholarship, 12,000 RMB/Year;;;Partial Tuition;;ada5d7f1-7f97-458c-8bc9-4746525d1adf;;2025-11-20 07:53:23.623432+00;2025-11-20 07:53:23.623432+00;"[""Academic Transcript"",""Financial Guarantee"",""Non-Criminal Record"",""CV/Resume"",""Photos"",""Study Plan"",""Medical Certificate"",""Personal Statement"",""Passport Copy""]";;false;;;;;"[""Bachelor""]"
372240bc-0d5e-4096-bb3d-06f19c9e8fe8;University Scholarship;;Partial;;;CNY;After Scholarship, 6000 RMB/Year;;;Partial Tuition;;d9da30e3-e097-4ff5-bc74-a2d193f8ea74;;2025-11-20 07:56:46.710285+00;2025-11-20 07:56:46.710285+00;"[""CV/Resume"",""Non-Criminal Record"",""Photos"",""Study Plan"",""Personal Statement"",""Passport Copy"",""Recommendation Letters"",""Academic Transcript"",""Financial Guarantee""]";;false;;;;;"[""Bachelor""]"
2b5703a6-a62a-4417-b5b8-92016478abaa;University Scholarship;;Partial;;;CNY;After Scholarship, 11800 RMB/Year;;;Partial Tuition;;604605ac-2b35-4fe4-b67e-2227692c0588;;2025-11-20 08:01:04.133414+00;2025-11-20 08:01:04.133414+00;"[""Photos"",""Study Plan"",""Medical Certificate"",""Personal Statement"",""Passport Copy"",""CV/Resume"",""Non-Criminal Record"",""Financial Guarantee"",""Academic Transcript""]";;false;;;;;"[""Bachelor""]"
9097c58b-fb1d-4863-817a-89f9a3609071;University Scholarship;;Partial;;;CNY;After Scholarship, 10000 RMB/Year;;;;;b74c113b-f230-4733-b259-a7869dc1ba9c;;2025-11-20 08:05:53.838844+00;2025-11-20 08:05:53.838844+00;"[""Photos"",""Study Plan"",""Personal Statement"",""Passport Copy"",""Medical Certificate"",""CV/Resume"",""Non-Criminal Record"",""Financial Guarantee"",""Academic Transcript""]";;false;;;;;"[""Bachelor""]"
898ccdf0-07f5-4927-8b24-950844e0696c;University Scholarship;;Partial;;;CNY;After Scholarship, 7800 RMB/Year;;;Partial Tuition;;604605ac-2b35-4fe4-b67e-2227692c0588;;2025-11-20 14:05:48.840848+00;2025-11-20 14:05:48.840848+00;"[""CV/Resume"",""Non-Criminal Record"",""Financial Guarantee"",""Recommendation Letters"",""Academic Transcript"",""Photos"",""Study Plan"",""Medical Certificate"",""Personal Statement"",""Passport Copy""]";;false;;;;;"[""Master""]"
b884b476-70db-4aa7-9c6c-aa382239bd83;University Scholarship;;Partial;;;CNY;After Scholarship, 4000 RMB/Year;;;Partial Tuition;;895f0c22-12dd-4f4b-abc1-afae0a92770d;;2025-11-20 14:07:35.019112+00;2025-11-20 14:07:35.019112+00;"[""Academic Transcript"",""Recommendation Letters"",""Financial Guarantee"",""Non-Criminal Record"",""CV/Resume"",""Photos"",""Study Plan"",""Medical Certificate"",""Personal Statement"",""Passport Copy""]";;false;;;;;"[""Master""]"
dc0638f0-049e-4acd-b2f6-71a82c6e4829;University Scholarship;;Partial;;;CNY;"Pharmacy & Clinical Pharmacy: After Scholarship, 11000 RMB/Year
International Trade & Economy: After Scholarship, 5000 RMB/Yea";;;;;cf09e667-a67f-4336-9e1b-c501926a2250;;2025-11-20 14:12:49.032518+00;2025-11-20 14:12:49.032518+00;"[""Photos"",""Study Plan"",""Medical Certificate"",""Personal Statement"",""Passport Copy"",""CV/Resume"",""Non-Criminal Record"",""Financial Guarantee"",""Academic Transcript""]";;false;;;;;"[""Bachelor""]"
b348202a-6b97-4ec3-97a5-b296b15ef384;University Scholarship;;Partial;;;CNY;Partial(A/B/C) = 3000-10500 RMB/Year;;;Partial Tuition;;75d02e9b-0651-487e-99c5-4fd8363a227e;;2025-11-20 14:17:14.035201+00;2025-11-20 14:17:14.035201+00;"[""Photos"",""Study Plan"",""Medical Certificate"",""Personal Statement"",""Passport Copy"",""CV/Resume"",""Non-Criminal Record"",""Financial Guarantee"",""Academic Transcript""]";;false;;;;;"[""Bachelor""]"
d88a986a-2e34-4335-b23b-6011216f47e2;University Scholarship;;Partial;;;CNY;After Scholarship, 1500 RMB/Year;;;Partial Tuition;;0adb39d4-cefb-47be-99a7-7bc4e8fcf3f2;;2025-11-20 14:21:00.11412+00;2025-11-20 14:21:00.11412+00;"[""Photos"",""Study Plan"",""Medical Certificate"",""Personal Statement"",""Passport Copy"",""CV/Resume"",""Non-Criminal Record"",""Financial Guarantee"",""Academic Transcript""]";;false;;;;;"[""Bachelor""]"
27089e2e-f441-44f3-966c-f734f8a112a0;University Scholarship;;Full;;;CNY;After Scholarship, 5000 RMB/Year;;;Partial Tuition;;b675040b-0189-4896-a293-267a992930e9;;2025-11-20 14:23:59.886993+00;2025-11-20 14:23:59.886993+00;"[""Study Plan"",""Photos"",""Personal Statement"",""Passport Copy"",""Medical Certificate"",""CV/Resume"",""Non-Criminal Record"",""Financial Guarantee"",""Academic Transcript""]";;false;;;;;"[""Bachelor""]"
2347aed6-d31b-4818-96bc-fc1d6d987be6;University Scholarship;;Partial;;;CNY;After Scholarship, 11000 RMB/Year;;;Partial Tuition;;e70572b4-c2ce-431d-91e3-410ea88ea266;;2025-11-20 14:26:39.301697+00;2025-11-20 14:26:39.301697+00;"[""Photos"",""Study Plan"",""Medical Certificate"",""Personal Statement"",""Passport Copy"",""CV/Resume"",""Non-Criminal Record"",""Financial Guarantee"",""Academic Transcript""]";;false;;;;;"[""Bachelor""]"
1953c3e4-1232-4f54-ad89-cec1fc7a32d3;University Scholarship;;Partial;;;CNY;After Scholarship, 1500-7500 RMB/Year;;;Partial Tuition;;52909157-f26a-4248-a088-7aff94f12c56;;2025-11-20 14:33:27.530189+00;2025-11-20 14:33:27.530189+00;"[""Academic Transcript"",""Financial Guarantee"",""Non-Criminal Record"",""CV/Resume"",""Medical Certificate"",""Study Plan"",""Photos"",""Personal Statement"",""Passport Copy""]";;false;;;;;"[""Bachelor""]"
346d31a7-47e8-4600-b8ec-e6057b1d6703;University Scholarship;;Full;;;CNY;;;;Full Tuition, Accommodation;;ce71db16-05f2-435c-83c1-7350151c4727;;2025-11-20 14:36:27.649794+00;2025-11-20 14:36:27.649794+00;"[""Academic Transcript"",""Financial Guarantee"",""Non-Criminal Record"",""CV/Resume"",""Study Plan"",""Photos"",""Medical Certificate"",""Passport Copy"",""Personal Statement""]";;false;;;;;"[""Bachelor""]"
6b84d40c-2de9-44bb-80a7-a23d4e05d84a;University Scholarship;;Full;;;CNY;After Scholarship, 4000-5000 RMB/Year;;;Partial Tuition;;cf89a3b2-d771-4d1e-bf9e-a671f3e2058a;;2025-11-21 06:55:02.115412+00;2025-11-21 06:55:02.115412+00;"[""Photos"",""Study Plan"",""Personal Statement"",""Passport Copy"",""Medical Certificate"",""CV/Resume"",""Non-Criminal Record"",""Financial Guarantee"",""Academic Transcript""]";;false;;;;;"[""Bachelor""]"
d796a883-e352-4131-b786-831ba140b2d8;University Scholarship;;Partial;;;CNY;After Scholarship, 8000 RMB/Year;;;Partial Tuition;;d5c4b00a-5cc4-4f54-ada2-6a6c6e726ab6;;2025-11-21 06:58:08.615689+00;2025-11-21 06:58:08.615689+00;"[""Photos"",""Study Plan"",""Medical Certificate"",""Passport Copy"",""Personal Statement"",""CV/Resume"",""Non-Criminal Record"",""Financial Guarantee"",""Academic Transcript""]";;false;;;;;"[""Bachelor""]"
b4d9404f-3645-43e7-a29e-0d3cdb57eb76;University Scholarship;;Partial;;;CNY;After Scholarship, 7200 RMB/Year;;;Partial Tuition;;087d18f0-42cf-4260-a5bb-96ce82c6885f;;2025-11-21 07:01:03.339073+00;2025-11-21 07:01:03.339073+00;"[""Photos"",""Study Plan"",""Medical Certificate"",""Personal Statement"",""Passport Copy"",""CV/Resume"",""Non-Criminal Record"",""Financial Guarantee"",""Academic Transcript""]";;false;;;;;"[""Bachelor""]"
8ac7c66a-6dc9-48e8-a18b-743594562383;HIT Scholarship - Third;;Tuition Waiver;;;CNY;20% tuition fee waiver;;;Partial Tuition;;47439b4b-c7b4-44fb-b149-67661f782d0c;;2025-12-02 15:04:47.363669+00;2025-12-02 15:04:47.363669+00;"[""Photos"",""Study Plan"",""Medical Certificate"",""Personal Statement"",""Passport Copy"",""CV/Resume"",""Non-Criminal Record"",""Financial Guarantee"",""Recommendation Letters"",""Academic Transcript""]";;false;;;;;"[""Master"",""PhD"",""Bachelor""]"
b9f42d8c-bc14-4174-8588-b3646a720741;HIT Scholarship - Second;;Tuition Waiver;;;CNY;30% tuition fee waiver;;;Partial Tuition;;47439b4b-c7b4-44fb-b149-67661f782d0c;;2025-12-02 15:04:00.294544+00;2025-12-02 15:11:30.824304+00;"[""Passport Copy"",""Personal Statement"",""Medical Certificate"",""Study Plan"",""Photos"",""CV/Resume"",""Non-Criminal Record"",""Financial Guarantee"",""Academic Transcript"",""Recommendation Letters""]";;false;;;;;"[""Bachelor"",""Master"",""PhD""]"
8d11a8d7-9f90-4c56-a6ed-f105e421f816;University Scholarship;;Partial;;;CNY;"Type A Scholarship:Free tuition Fees (Only for) 
1.Civil Engineering 
2.Tourism Management

Type B Scholarship:Need to pay 5000CNY/Year as Tuition fees
1.Software engineering
2.International Economy and Trade
3.Pharmacy";;;Partial Tuition;;8347d4e6-0bb2-4cea-9696-d93258221a14;;2026-01-04 11:26:55.78647+00;2026-01-04 11:26:55.78647+00;"[""Photos"",""Study Plan"",""Medical Certificate"",""Personal Statement"",""Passport Copy"",""CV/Resume"",""Financial Guarantee"",""Non-Criminal Record"",""Academic Transcript""]";;false;;;;;"[""Bachelor""]"
7595d537-b7e2-4e2c-9af3-011c7c5295f2;HIT Scholarship - First;;Partial;;;CNY;Half tuition fee waiver;;;Partial Tuition;;47439b4b-c7b4-44fb-b149-67661f782d0c;;2025-12-02 15:02:18.528141+00;2025-12-02 15:11:12.517784+00;"[""Photos"",""Study Plan"",""Medical Certificate"",""Passport Copy"",""Personal Statement"",""CV/Resume"",""Non-Criminal Record"",""Financial Guarantee"",""Academic Transcript""]";;false;;;;;"[""Bachelor"",""Master"",""PhD""]"
d5fd5d11-d8e0-419b-bb2e-21f862f693d5;University Scholarship;;Partial;;;CNY;Tuition + Accommodation 10000 CNY/Year;;;Partial Tuition;;ea3b67f0-afcb-42b8-9c1a-4713caff953b;;2025-12-21 07:45:18.715137+00;2025-12-21 07:45:18.715137+00;"[""Photos"",""Study Plan"",""Medical Certificate"",""Personal Statement"",""Passport Copy"",""Non-Criminal Record"",""CV/Resume"",""Financial Guarantee"",""Academic Transcript""]";;false;;;;;"[""Bachelor""]"
9b9b306f-d070-470b-82d0-a73f3c091937;HIT Scholarship - Elite;;Tuition Waiver;;;CNY;100% tuition fee waiver;;;Full Tuition;;47439b4b-c7b4-44fb-b149-67661f782d0c;;2025-12-02 15:00:54.801754+00;2025-12-02 15:09:26.926841+00;"[""Study Plan"",""Photos"",""IELTS/TOEFL Certificate"",""Personal Statement"",""Passport Copy"",""CV/Resume"",""Non-Criminal Record"",""Financial Guarantee"",""Academic Transcript""]";;false;;;;;"[""Bachelor"",""Master"",""PhD""]"
de9270d2-ceb5-401d-83e6-ce40f67ff970;University Scholarship;;Full;;;CNY;"After Scholarship
Tuition:  0-14,000
Accommodation: 4000/year";;;Partial Tuition;;862d9e7f-ce7b-4e86-85b4-5af693977124;;2026-02-02 21:16:20.433163+00;2026-02-02 21:16:20.433163+00;"[""Academic Transcript"",""Financial Guarantee"",""Non-Criminal Record"",""CV/Resume"",""Photos"",""Study Plan"",""Medical Certificate"",""Personal Statement"",""Passport Copy""]";;false;;;;;"[""Bachelor""]"
514ad83b-0eec-4bbe-a897-d48c90281d23;University Scholarship;;Full;;;CNY;"First class scholarship	Free tuition + Free accommodation
Second class scholarship	Free tuition
Third class scholarship	50% tuition + 50% accommodation
Fourth class scholarship	Free 50% tuition
Fifth-class scholarship	Waive 5,000 Rmb";;;Full Tuition, Partial Tuition, Accommodation;;9d86c2b1-7fec-43bd-b92a-047aa85a4132;;2026-01-04 11:56:02.467288+00;2026-01-04 11:56:02.467288+00;"[""Photos"",""Study Plan"",""Medical Certificate"",""Passport Copy"",""CV/Resume"",""Non-Criminal Record"",""Financial Guarantee"",""Academic Transcript""]";;false;;;;;"[""Bachelor""]"
02705e7c-d499-442a-abfd-027747626436;Muti Type Scholarship;;Full;;;CNY;"(1) Chinese Government Scholarship (Only for Chinese-taught programs)
Application: Directed to the local Chinese Embassy or Consulate.

Application Window: Usually November to April.

Requirement: Applicants should choose Type A and select Beijing Institute of Technology as the first priority institution.

(2) Beijing Government Scholarship (Only for Beijing campus)
Application deadline: May 1, 2026

Coverage Table:

Type A: Tuition (Full), University Accommodation, Stipend, Comprehensive Insurance.

Type B: Tuition (Full), University Accommodation, Comprehensive Insurance.

Type C: Tuition (Full), Comprehensive Insurance.

(3) Guangdong Government Outstanding International Student Scholarship (Only for Zhuhai campus)
Funding standard: CNY 10,000/year.

Application deadline: May 1, 2026.

(4) BIT International Student Scholarship
Application deadline: May 1, 2026.

Coverage Levels:

Four Year Duration:

First Prize: Full Tuition, Accommodation, Stipend, and Insurance.

Second Prize: Full Tuition and Accommodation.

Third Prize: Full Tuition only.

One Year Duration:

First Prize: Full Tuition and Accommodation.

Second Prize: Full Tuition only.

Third Prize: 50% Tuition.

Fourth Prize: 25% Tuition.

Note: 4-year scholarship holders must pass an annual review to guarantee benefits for the following academic year.";;;Full Tuition, Accommodation;;a4d2bad8-aa62-4de6-9781-59ad373349e5;;2026-01-08 11:26:51.405994+00;2026-01-08 11:26:51.405994+00;"[""Photos"",""Medical Certificate"",""Study Plan"",""Personal Statement"",""Passport Copy"",""IELTS/TOEFL Certificate"",""CV/Resume"",""Financial Guarantee"",""Non-Criminal Record"",""Academic Transcript""]";;false;;;;;"[""Bachelor""]"
160eca8c-3949-4886-a4df-04b6cf87cf6c;CSC Scholarship;;Full;;;CNY;;;;Full Tuition, Accommodation, Living Stipend;;31ea897f-4552-4592-96f7-4ba9817ac2e9;;2026-01-11 07:31:12.479006+00;2026-01-11 07:31:12.479006+00;"[""CV/Resume"",""Non-Criminal Record"",""Financial Guarantee"",""Recommendation Letters"",""Academic Transcript"",""Passport Copy"",""Personal Statement"",""IELTS/TOEFL Certificate"",""Medical Certificate"",""Study Plan"",""Photos""]";;false;;;;;"[""Master""]"
ef3e3f28-556e-4029-a671-f6c998602398;CQUPT President Scholarship;;Tuition Waiver;;;CNY;"CQUPT President Scholarship
First Class: Covers tuition fee;
Second Class: Covers CNY 10,000 of tuition fee each year.";;;;;15710b00-9e54-4c8f-b375-d9cff8c8e01e;;2026-01-13 09:18:43.484226+00;2026-01-13 09:18:43.484226+00;"[""Photos"",""Study Plan"",""Medical Certificate"",""Personal Statement"",""Passport Copy"",""CV/Resume"",""Non-Criminal Record"",""Financial Guarantee"",""Academic Transcript""]";;false;;;;;"[""Bachelor""]"
406aec93-8ee0-40dc-81cb-d2d2ffdddfea;President Scholarship;;Full;;;CNY;;;;Full Tuition, Accommodation;;1e409309-03bf-4d66-aaa7-37eacbdcfa19;;2026-01-14 09:46:01.911396+00;2026-01-14 09:46:01.911396+00;"[""Study Plan"",""Photos"",""Passport Copy"",""Personal Statement"",""Medical Certificate"",""CV/Resume"",""Non-Criminal Record"",""Financial Guarantee"",""Academic Transcript""]";;false;;;;;[]
a77e2d2a-26ad-4e0e-a888-3cf962fd0f88;Stipend Available;;Living Allowance;;;CNY;"New Student Stipend: New students may apply for a 600
RMB/month financial aid for 5 months (totaling 3,000 RMB
per academic year) after full tuition payment and subject to
academic performance review. This aid cannot be used to
offset tuition or accommodation fees.

Accommodation Fees: 1200 Yuan";;;;;46bcc60f-4a56-42a7-9292-f655ee67b0b7;;2026-01-14 10:48:14.744126+00;2026-01-14 10:48:14.744126+00;"[""Photos"",""Study Plan"",""Medical Certificate"",""Personal Statement"",""Passport Copy"",""CV/Resume"",""Non-Criminal Record"",""Financial Guarantee"",""Academic Transcript""]";;false;;;;;[]
d07b842b-423e-40d4-bb39-407dfe71612a;HITSZ Entrance Scholarship;;Tuition Waiver;;;CNY;Harbin Institute of Technology, Shenzhen (HITSZ) offers a range of entrance scholarships to support high-achieving incoming students. The most prestigious is the Major Award, which provides a full 100% tuition waiver alongside a monthly living stipend of 1,000 RMB. Students may also qualify for the First Award, which covers 100% of tuition fees. For those receiving the Second or Third Awards, the university provides substantial financial relief through tuition waivers of 80% and 70%, respectively. These awards are designed to recognize academic merit and reduce the financial barriers to pursuing higher education at the university.;;;Full Tuition;;5dcc41d2-8c62-4b7e-b72d-5618412f04aa;;2026-01-14 12:34:38.767186+00;2026-01-14 12:35:52.287624+00;"[""Photos"",""Study Plan"",""Medical Certificate"",""Personal Statement"",""Passport Copy"",""CV/Resume"",""Non-Criminal Record"",""Financial Guarantee"",""Academic Transcript""]";;false;;;;;"[""Bachelor""]"
88ef8883-701b-4b3b-9b6b-dbb9eba422ec;CSC Scholarship;;Full;;;CNY;"The Bilateral Program provides both full scholarships and partial scholarships which covers: tuition, accommodation（free dormitory rooms）, and comprehensive medical insurance. And it also provides a monthly stipend (bachelor’s students: CNY 2,500 per month; master’ s students: CNY 3,000 per month; doctoral students: CNY 3,500 per month).";;;Full Tuition, Accommodation, Living Stipend, Health Insurance;;0cf79352-c1ac-479b-8172-07b72d8991cd;;2026-01-17 07:57:33.640127+00;2026-01-17 07:57:53.916632+00;"[""Photos"",""Study Plan"",""Medical Certificate"",""Personal Statement"",""Passport Copy"",""IELTS/TOEFL Certificate"",""CV/Resume"",""Non-Criminal Record"",""Financial Guarantee"",""Recommendation Letters"",""Academic Transcript""]";;false;;;;;"[""Master""]"
ed6cd369-d97f-4e0b-890f-51cda9ecb620;Hainan Provincial Government ;;Full;;;CNY;Hainan Provincial Government International Students Scholarship covers: Free registration fees, tuition fees, and medical insurance fees, providing on campus accommodation, and other expenses to be borne by oneself.  ;;;Full Tuition, Accommodation, Living Stipend;;0cf79352-c1ac-479b-8172-07b72d8991cd;;2026-01-17 07:58:53.866178+00;2026-01-17 07:58:53.866178+00;"[""Photos"",""Medical Certificate"",""IELTS/TOEFL Certificate"",""Study Plan"",""Personal Statement"",""Passport Copy"",""CV/Resume"",""Non-Criminal Record"",""Financial Guarantee"",""Recommendation Letters"",""Academic Transcript""]";;false;;;;;"[""Master""]"
adebb1b3-6316-4015-ae47-e29b034efd01;University Scholarship;;Partial;;;CNY;"1. Zhejiang province government scholarship (type B) will be given to excellent undergraduate students in grade two to four once a year;

2.Huzhou university scholarship for international undergraduate students will be given to excellent undergraduate students in all grades.";;;;;7d9f82b7-0efd-49fb-9625-46f808c5b543;;2026-01-23 10:09:24.830615+00;2026-01-23 10:09:24.830615+00;"[""Photos"",""Study Plan"",""Medical Certificate"",""Passport Copy"",""CV/Resume"",""Non-Criminal Record"",""Financial Guarantee"",""Personal Statement"",""IELTS/TOEFL Certificate"",""Academic Transcript""]";;false;;;;;"[""Bachelor""]"
ea72b116-d3b9-43f1-8c24-292b53c89c43;University Scholarship;;Partial;;;CNY;"After Scholarship
Tuition:  11,000
Accommodation: About 430-860/month";;;Partial Tuition;;ad58036c-4bb4-4dde-aa87-21f829faf035;;2026-02-02 21:00:35.697813+00;2026-02-02 21:00:35.697813+00;"[""Passport Copy"",""Personal Statement"",""Medical Certificate"",""Study Plan"",""Photos"",""CV/Resume"",""Non-Criminal Record"",""Financial Guarantee"",""Academic Transcript""]";;false;;;;;"[""Bachelor""]"
7f8a27aa-3cfc-439e-9ad0-8a4e6a925568;University Scholarship;;Tuition Waiver;;;CNY;"After Scholarship
Tuition: 10000
Accommodation: About 430-860/month";;;Partial Tuition;;d8ae1a9f-5d5e-42a1-81aa-80c768916957;;2026-02-02 21:26:29.494316+00;2026-02-02 21:26:29.494316+00;"[""Passport Copy"",""Personal Statement"",""Medical Certificate"",""Study Plan"",""Photos"",""Non-Criminal Record"",""CV/Resume"",""Financial Guarantee"",""Academic Transcript""]";;false;;;;;"[""Bachelor""]"
62b280aa-642c-4508-83fd-f93738528c5f;University Scholarship;;Tuition Waiver;;;CNY;;;;Full Tuition;;c4fa3d4b-4e79-47a9-a304-1a23f7e0ea72;;2026-02-07 18:29:22.962046+00;2026-02-07 18:29:22.962046+00;"[""Academic Transcript"",""Financial Guarantee"",""Non-Criminal Record"",""CV/Resume"",""Photos"",""Medical Certificate"",""Study Plan"",""Personal Statement"",""Passport Copy""]";;false;;;;;"[""Bachelor""]"
eb8e2f85-e014-4617-9ad3-fff17a57d193;University Scholarship;;Partial;;;CNY;"Scholarship Details 
1.Type A: Free Tuition Fees 
2.Type B:50% Tuition Fees
3.Type C:25% Tuition Fees
Type D: Zhejiang Provincial Government Scholarship.";;;Full Tuition;;271c4142-57a6-45ee-904e-4a1eee5fb157;;2026-02-08 14:32:07.326852+00;2026-02-08 14:32:07.326852+00;"[""Academic Transcript"",""Financial Guarantee"",""Non-Criminal Record"",""CV/Resume"",""Photos"",""Study Plan"",""Medical Certificate"",""Personal Statement"",""Passport Copy""]";;false;;;;;"[""Bachelor""]"
edf7791a-7cbd-4f20-ac9d-7782729d4a5a;University Scholarship;;Tuition Waiver;;;CNY;Degree students: 25% of the first-year tuition (RMB 2,000 yuan) will beawarded as an enrollment scholarship and deducted from the first academic year’s tuition fee.;;;Partial Tuition;;8cb39255-cfff-40fe-aa55-95ce4f12180d;;2026-02-12 07:35:29.664705+00;2026-02-12 07:35:29.664705+00;"[""CV/Resume"",""Non-Criminal Record"",""Academic Transcript"",""Financial Guarantee"",""Passport Copy"",""Personal Statement"",""Medical Certificate"",""Study Plan"",""Photos""]";;false;;;;;"[""Bachelor""]"
eede1331-f57f-42ad-b2d7-9c596a516225;University Scholarship;;Full;;;CNY;"Tuition fee: Free
Accommodation fee: Free";;;Full Tuition, Accommodation;;795eb40a-b720-4b3f-b70a-acd618d6eb22;;2026-02-12 07:47:32.967266+00;2026-02-12 07:47:32.967266+00;"[""Academic Transcript"",""Recommendation Letters"",""Financial Guarantee"",""Non-Criminal Record"",""CV/Resume"",""Photos"",""Study Plan"",""Medical Certificate"",""Personal Statement"",""Passport Copy""]";;false;;;;;"[""Master""]"
fa03f219-df9a-4479-a038-33c5cc84fb46;President Scholarship;;Full;;;CNY;President Scholarshipprovides funding of 68,400RMB per year. This scholarship covers tuition fees, dormitory expenses, insurance, and living expenses for the entire four-year college program, as long as the student maintains good academic standing.;;;Full Tuition, Accommodation;;406fba96-ee97-4b36-8dc8-8e5a54a0d3ec;;2026-02-28 13:14:56.726823+00;2026-02-28 13:14:56.726823+00;"[""Academic Transcript"",""Financial Guarantee"",""Non-Criminal Record"",""CV/Resume"",""Photos"",""Study Plan"",""Medical Certificate"",""Personal Statement"",""Passport Copy"",""IELTS/TOEFL Certificate""]";;false;;;;;"[""Bachelor"",""Master""]"
16b8f42b-6bb8-4731-ab91-c19e99fd064d;Tuition Waving Scholarship;;Tuition Waiver;;;CNY;Tuition Waving Scholarship provides tuition funding of 30,000RMB per year. ;;;Full Tuition;;406fba96-ee97-4b36-8dc8-8e5a54a0d3ec;;2026-02-28 13:15:54.810503+00;2026-02-28 13:15:54.810503+00;"[""Academic Transcript"",""Financial Guarantee"",""Non-Criminal Record"",""CV/Resume"",""Photos"",""Study Plan"",""Medical Certificate"",""IELTS/TOEFL Certificate"",""Personal Statement"",""Passport Copy""]";;false;;;;;"[""Bachelor"",""Master""]"
968faefd-35f2-47ba-beac-c8fd1ea915f8;University Scholarship;;Full;;;CNY;Tuition + Accommodation Fees FREE;;;Full Tuition, Accommodation;;be83131a-391e-471d-acba-b85d53e250a3;;2026-03-01 06:25:23.58182+00;2026-03-01 06:25:23.58182+00;"[""Academic Transcript"",""Recommendation Letters"",""Financial Guarantee"",""Non-Criminal Record"",""CV/Resume"",""Photos"",""Medical Certificate"",""Study Plan"",""Personal Statement"",""Passport Copy"",""IELTS/TOEFL Certificate""]";;false;;;;;"[""Master""]"
fa2066d9-7c80-4f85-9d16-8bb7ddcab509;University Scholarship;;Full;;;CNY;Tuition + Accommodation FREE;;;Full Tuition, Accommodation;;12075ffe-d3d7-4fe0-9ce9-5d123587c70d;;2026-03-02 09:24:16.441433+00;2026-03-02 09:24:16.441433+00;"[""Academic Transcript"",""Financial Guarantee"",""Non-Criminal Record"",""CV/Resume"",""Photos"",""Study Plan"",""Medical Certificate"",""Personal Statement"",""Passport Copy"",""IELTS/TOEFL Certificate""]";;false;;;;;"[""Bachelor""]"
ed9654f4-b18f-4b89-8e4e-7b27a3dbaf72;University Scholarship;;Tuition Waiver;;;CNY;;;;Full Tuition;;484a04b5-d0fb-4b34-b5a8-001840522a8f;;2026-03-02 15:09:04.630576+00;2026-03-02 15:09:04.630576+00;"[""CV/Resume"",""Non-Criminal Record"",""Financial Guarantee"",""Academic Transcript"",""Passport Copy"",""Personal Statement"",""IELTS/TOEFL Certificate"",""Medical Certificate"",""Study Plan"",""Photos""]";;false;;;;;"[""Bachelor""]"
15493e5c-ae16-47a3-b9ba-2137013b5dca;University Scholarship;;Partial;;;CNY;"Tuition 9000 RMB/Year; Accommodation: 1,700 RMB/Year";;;Partial Tuition;;9fcb145a-3fcb-4cdf-9739-93c7a4e2b6d3;;2026-03-02 19:08:20.621038+00;2026-03-02 19:08:20.621038+00;"[""Academic Transcript"",""Financial Guarantee"",""Non-Criminal Record"",""CV/Resume"",""Photos"",""Study Plan"",""Medical Certificate"",""Personal Statement"",""Passport Copy""]";;false;;;;;"[""Bachelor""]"